{"0":{},"198":{"n":">>Panel Layout Test 3","on":true,"bri":23,"transition":0,"mainseg":0,"seg":[{"id":0,"start":0,"stop":1024,"grp":1,"spc":0,"of":0,"on":true,"bri":255,"col":[[255,0,0],[0,0,0],[0,0,255]],"fx":46,"sx":17,"ix":8,"f1x":132,"f2x":113,"f3x":111,"pal":43,"sel":true,"rev":false,"rev2D":false,"mi":false,"rot2D":false},{"stop":0},{"stop":0},{"stop":0},{"stop":0},{"stop":0},{"stop":0},{"stop":0},{"stop":0},{"stop":0},{"stop":0},{"stop":0},{"stop":0},{"stop":0},{"stop":0},{"stop":0}]},"199":{"n":">>Panel Layout Test 2","on":true,"bri":76,"transition":0,"mainseg":0,"seg":[{"id":0,"start":0,"stop":1024,"grp":1,"spc":0,"of":0,"on":true,"bri":255,"col":[[0,0,0],[0,0,0],[0,0,255]],"fx":33,"sx":5,"ix":2,"f1x":132,"f2x":113,"f3x":111,"pal":11,"sel":true,"rev":false,"rev2D":false,"mi":false,"rot2D":false},{"stop":0},{"stop":0},{"stop":0},{"stop":0},{"stop":0},{"stop":0},{"stop":0},{"stop":0},{"stop":0},{"stop":0},{"stop":0},{"stop":0},{"stop":0},{"stop":0},{"stop":0}]},"200":{"n":">>Panel Layout Test","on":true,"bri":76,"transition":0,"mainseg":0,"seg":[{"id":0,"start":0,"stop":1024,"grp":1,"spc":0,"of":0,"on":true,"bri":255,"col":[[0,0,0],[255,255,255],[0,0,0]],"fx":31,"sx":255,"ix":255,"f1x":40,"f2x":254,"f3x":254,"pal":2,"sel":true,"rev":false,"rev2D":false,"mi":false,"rot2D":false},{"stop":0},{"stop":0},{"stop":0},{"stop":0},{"stop":0},{"stop":0},{"stop":0},{"stop":0},{"stop":0},{"stop":0},{"stop":0},{"stop":0},{"stop":0},{"stop":0},{"stop":0}]},"201":{"n":">Base 2 Stacked","on":true,"bri":23,"transition":0,"mainseg":0,"seg":[{"id":0,"start":0,"stop":1024,"grp":1,"spc":0,"of":0,"on":true,"bri":255,"col":[[255,0,0],[0,0,255],[0,0,0]],"fx":0,"sx":134,"ix":70,"f1x":255,"f2x":254,"f3x":254,"pal":11,"sel":false,"rev":false,"rev2D":false,"mi":false,"rot2D":false},{"id":1,"start":264,"stop":760,"grp":1,"spc":0,"of":0,"on":true,"bri":233,"col":[[0,0,255],[0,0,0],[0,0,0]],"fx":0,"sx":158,"ix":193,"f1x":115,"f2x":115,"f3x":255,"pal":11,"sel":false,"rev":false,"rev2D":false,"mi":false,"rot2D":false},{"stop":0},{"stop":0},{"stop":0},{"stop":0},{"stop":0},{"stop":0},{"stop":0},{"stop":0},{"stop":0},{"stop":0},{"stop":0},{"stop":0},{"stop":0},{"stop":0}]},"202":{"n":">Base 4 Kaleidoscope","on":true,"bri":23,"transition":0,"mainseg":0,"seg":[{"id":0,"start":0,"stop":496,"grp":1,"spc":0,"of":0,"on":true,"bri":255,"col":[[0,0,0],[255,0,0],[0,0,0]],"fx":10,"sx":24,"ix":8,"f1x":186,"f2x":196,"f3x":191,"pal":2,"sel":true,"rev":false,"rev2D":false,"mi":false,"rot2D":false},{"id":1,"start":16,"stop":512,"grp":1,"spc":0,"of":0,"on":true,"bri":255,"col":[[0,0,0],[0,0,255],[0,0,0]],"fx":10,"sx":24,"ix":8,"f1x":186,"f2x":196,"f3x":191,"pal":2,"sel":true,"rev":true,"rev2D":false,"mi":false,"rot2D":false},{"id":2,"start":512,"stop":1008,"grp":1,"spc":0,"of":0,"on":true,"bri":255,"col":[[0,0,0],[8,255,0],[0,0,0]],"fx":10,"sx":24,"ix":8,"f1x":186,"f2x":196,"f3x":191,"pal":2,"sel":true,"rev":false,"rev2D":true,"mi":false,"rot2D":false},{"id":3,"start":528,"stop":1024,"grp":1,"spc":0,"of":0,"on":true,"bri":255,"col":[[0,0,0],[255,200,0],[0,0,0]],"fx":10,"sx":24,"ix":8,"f1x":186,"f2x":196,"f3x":191,"pal":2,"sel":true,"rev":true,"rev2D":true,"mi":false,"rot2D":false},{"stop":0},{"stop":0},{"stop":0},{"stop":0},{"stop":0},{"stop":0},{"stop":0},{"stop":0},{"stop":0},{"stop":0},{"stop":0},{"stop":0}]},"203":{"n":">Base 4 Squares","on":true,"bri":23,"transition":0,"mainseg":0,"seg":[{"id":0,"start":0,"stop":496,"grp":1,"spc":0,"of":0,"on":true,"bri":255,"col":[[255,0,0],[0,0,128],[16,64,64]],"fx":0,"sx":24,"ix":156,"f1x":186,"f2x":196,"f3x":191,"pal":11,"sel":true,"rev":false,"rev2D":false,"mi":false,"rot2D":false},{"id":1,"start":16,"stop":512,"grp":1,"spc":0,"of":0,"on":true,"bri":255,"col":[[0,0,255],[0,0,128],[16,64,64]],"fx":0,"sx":24,"ix":156,"f1x":186,"f2x":196,"f3x":191,"pal":11,"sel":true,"rev":false,"rev2D":false,"mi":false,"rot2D":false},{"id":2,"start":512,"stop":1008,"grp":1,"spc":0,"of":0,"on":true,"bri":255,"col":[[8,255,0],[0,0,128],[16,64,64]],"fx":0,"sx":24,"ix":156,"f1x":186,"f2x":196,"f3x":191,"pal":11,"sel":true,"rev":false,"rev2D":false,"mi":false,"rot2D":false},{"id":3,"start":528,"stop":1024,"grp":1,"spc":0,"of":0,"on":true,"bri":255,"col":[[255,200,0],[0,0,128],[16,64,64]],"fx":0,"sx":24,"ix":156,"f1x":186,"f2x":196,"f3x":191,"pal":11,"sel":true,"rev":false,"rev2D":false,"mi":false,"rot2D":false},{"stop":0},{"stop":0},{"stop":0},{"stop":0},{"stop":0},{"stop":0},{"stop":0},{"stop":0},{"stop":0},{"stop":0},{"stop":0},{"stop":0}]},"204":{"n":">Base 4 Vertical","on":true,"bri":23,"transition":0,"mainseg":0,"seg":[{"id":0,"start":0,"stop":1000,"grp":1,"spc":0,"of":0,"on":true,"bri":255,"col":[[255,0,0],[0,0,0],[0,0,0]],"fx":0,"sx":142,"ix":142,"f1x":186,"f2x":196,"f3x":191,"pal":40,"sel":true,"rev":false,"rev2D":false,"mi":false,"rot2D":false},{"id":1,"start":8,"stop":1008,"grp":1,"spc":0,"of":0,"on":true,"bri":255,"col":[[0,0,255],[0,0,0],[0,0,0]],"fx":0,"sx":142,"ix":142,"f1x":186,"f2x":196,"f3x":191,"pal":40,"sel":true,"rev":false,"rev2D":false,"mi":false,"rot2D":false},{"id":2,"start":16,"stop":1016,"grp":1,"spc":0,"of":0,"on":true,"bri":255,"col":[[8,255,0],[0,0,0],[0,0,0]],"fx":0,"sx":142,"ix":142,"f1x":186,"f2x":196,"f3x":191,"pal":40,"sel":true,"rev":false,"rev2D":false,"mi":false,"rot2D":false},{"id":3,"start":24,"stop":1024,"grp":1,"spc":0,"of":0,"on":true,"bri":255,"col":[[255,200,0],[0,0,0],[0,0,0]],"fx":0,"sx":142,"ix":142,"f1x":186,"f2x":196,"f3x":191,"pal":40,"sel":true,"rev":false,"rev2D":false,"mi":false,"rot2D":false},{"stop":0},{"stop":0},{"stop":0},{"stop":0},{"stop":0},{"stop":0},{"stop":0},{"stop":0},{"stop":0},{"stop":0},{"stop":0},{"stop":0}]},"205":{"n":">Base 5 Rotated","on":true,"bri":23,"transition":0,"mainseg":0,"seg":[{"id":0,"start":0,"stop":372,"grp":1,"spc":0,"of":0,"on":true,"bri":255,"col":[[0,0,0],[255,0,0],[0,0,0]],"fx":10,"sx":47,"ix":9,"f1x":89,"f2x":74,"f3x":111,"pal":2,"sel":false,"rev":false,"rev2D":false,"mi":false,"rot2D":false},{"id":1,"start":20,"stop":640,"grp":1,"spc":0,"of":0,"on":true,"bri":255,"col":[[0,0,0],[0,0,255],[0,0,0]],"fx":10,"sx":47,"ix":9,"f1x":89,"f2x":74,"f3x":111,"pal":2,"sel":false,"rev":false,"rev2D":false,"mi":false,"rot2D":true},{"id":2,"start":652,"stop":1024,"grp":1,"spc":0,"of":0,"on":true,"bri":255,"col":[[0,0,0],[8,255,0],[0,0,0]],"fx":10,"sx":47,"ix":9,"f1x":89,"f2x":74,"f3x":111,"pal":2,"sel":false,"rev":true,"rev2D":true,"mi":false,"rot2D":false},{"id":3,"start":384,"stop":1004,"grp":1,"spc":0,"of":0,"on":true,"bri":255,"col":[[0,0,0],[255,200,0],[0,0,0]],"fx":10,"sx":47,"ix":9,"f1x":89,"f2x":74,"f3x":111,"pal":2,"sel":false,"rev":true,"rev2D":true,"mi":false,"rot2D":true},{"id":4,"start":396,"stop":628,"grp":1,"spc":0,"of":0,"on":true,"bri":255,"col":[[0,0,0],[255,224,160],[0,0,0]],"fx":10,"sx":47,"ix":9,"f1x":89,"f2x":74,"f3x":111,"pal":2,"sel":false,"rev":false,"rev2D":false,"mi":false,"rot2D":false},{"stop":0},{"stop":0},{"stop":0},{"stop":0},{"stop":0},{"stop":0},{"stop":0},{"stop":0},{"stop":0},{"stop":0},{"stop":0}]},"206":{"n":">Base 6 Stacked ","on":true,"bri":23,"transition":0,"mainseg":0,"seg":[{"id":0,"start":0,"stop":1024,"grp":1,"spc":0,"of":0,"on":true,"bri":255,"col":[[255,0,0],[8,255,0],[0,0,255]],"fx":0,"sx":23,"ix":23,"f1x":255,"f2x":254,"f3x":254,"pal":0,"sel":true,"rev":false,"rev2D":false,"mi":false,"rot2D":false},{"id":1,"start":66,"stop":958,"grp":1,"spc":0,"of":0,"on":true,"bri":255,"col":[[0,0,255],[0,0,255],[255,0,0]],"fx":0,"sx":23,"ix":23,"f1x":255,"f2x":0,"f3x":0,"pal":0,"sel":true,"rev":false,"rev2D":false,"mi":false,"rot2D":true},{"id":2,"start":132,"stop":892,"grp":1,"spc":0,"of":0,"on":true,"bri":255,"col":[[8,255,0],[255,0,0],[8,255,0]],"fx":0,"sx":23,"ix":23,"f1x":255,"f2x":0,"f3x":0,"pal":0,"sel":true,"rev":false,"rev2D":true,"mi":false,"rot2D":false},{"id":3,"start":198,"stop":826,"grp":1,"spc":0,"of":0,"on":true,"bri":255,"col":[[255,200,0],[8,255,0],[0,0,255]],"fx":0,"sx":23,"ix":23,"f1x":0,"f2x":0,"f3x":0,"pal":0,"sel":true,"rev":false,"rev2D":true,"mi":false,"rot2D":true},{"id":4,"start":264,"stop":760,"grp":1,"spc":0,"of":0,"on":true,"bri":255,"col":[[255,0,255],[0,0,0],[0,0,0]],"fx":0,"sx":128,"ix":128,"f1x":0,"f2x":0,"f3x":0,"pal":0,"sel":true,"rev":false,"rev2D":false,"mi":false,"rot2D":false},{"id":5,"start":330,"stop":694,"grp":1,"spc":0,"of":0,"on":true,"bri":255,"col":[[0,255,200],[0,0,0],[0,0,0]],"fx":0,"sx":143,"ix":205,"f1x":0,"f2x":0,"f3x":0,"pal":11,"sel":true,"rev":false,"rev2D":true,"mi":false,"rot2D":false},{"stop":0},{"stop":0},{"stop":0},{"stop":0},{"stop":0},{"stop":0},{"stop":0},{"stop":0},{"stop":0},{"stop":0}]},"207":{"n":">Base 8 Stacked","on":true,"bri":23,"transition":0,"mainseg":0,"seg":[{"id":0,"start":0,"stop":496,"grp":1,"spc":0,"of":0,"on":true,"bri":255,"col":[[255,0,0],[0,0,128],[16,64,64]],"fx":0,"sx":17,"ix":188,"f1x":100,"f2x":41,"f3x":91,"pal":46,"sel":true,"rev":false,"rev2D":false,"mi":false,"rot2D":false},{"id":1,"start":16,"stop":512,"grp":1,"spc":0,"of":0,"on":true,"bri":255,"col":[[255,160,0],[0,0,128],[16,64,64]],"fx":0,"sx":17,"ix":188,"f1x":100,"f2x":41,"f3x":91,"pal":46,"sel":true,"rev":false,"rev2D":false,"mi":false,"rot2D":false},{"id":2,"start":512,"stop":1008,"grp":1,"spc":0,"of":0,"on":true,"bri":255,"col":[[255,200,0],[0,0,128],[16,64,64]],"fx":0,"sx":17,"ix":188,"f1x":100,"f2x":41,"f3x":91,"pal":46,"sel":true,"rev":false,"rev2D":false,"mi":false,"rot2D":false},{"id":3,"start":528,"stop":1024,"grp":1,"spc":0,"of":0,"on":true,"bri":255,"col":[[255,224,160],[0,0,128],[16,64,64]],"fx":0,"sx":17,"ix":188,"f1x":100,"f2x":41,"f3x":91,"pal":46,"sel":true,"rev":false,"rev2D":false,"mi":false,"rot2D":false},{"stop":0},{"id":5,"start":198,"stop":496,"grp":1,"spc":0,"of":0,"on":true,"bri":255,"col":[[255,0,255],[8,255,0],[0,0,255]],"fx":0,"sx":5,"ix":56,"f1x":100,"f2x":41,"f3x":46,"pal":46,"sel":true,"rev":false,"rev2D":false,"mi":false,"rot2D":false},{"id":6,"start":208,"stop":506,"grp":1,"spc":0,"of":0,"on":true,"bri":255,"col":[[0,0,255],[8,255,0],[0,0,255]],"fx":0,"sx":5,"ix":56,"f1x":100,"f2x":41,"f3x":46,"pal":46,"sel":true,"rev":false,"rev2D":false,"mi":false,"rot2D":false},{"id":7,"start":518,"stop":816,"grp":1,"spc":0,"of":0,"on":true,"bri":255,"col":[[0,255,200],[8,255,0],[0,0,255]],"fx":0,"sx":5,"ix":56,"f1x":100,"f2x":41,"f3x":46,"pal":46,"sel":true,"rev":false,"rev2D":false,"mi":false,"rot2D":false},{"id":8,"start":528,"stop":826,"grp":1,"spc":0,"of":0,"on":true,"bri":255,"col":[[8,255,0],[8,255,0],[0,0,255]],"fx":0,"sx":5,"ix":56,"f1x":100,"f2x":41,"f3x":46,"pal":46,"sel":true,"rev":false,"rev2D":false,"mi":false,"rot2D":false},{"stop":0},{"stop":0},{"stop":0},{"stop":0},{"stop":0},{"stop":0},{"stop":0}]},"208":{"n":">Base 16 Kaleidoscope","on":true,"bri":23,"transition":0,"mainseg":0,"seg":[{"id":0,"start":0,"stop":232,"grp":1,"spc":0,"of":0,"on":true,"bri":255,"col":[[0,0,0],[255,0,0],[0,0,0]],"fx":10,"sx":58,"ix":14,"f1x":112,"f2x":113,"f3x":111,"pal":2,"sel":true,"rev":false,"rev2D":false,"mi":false,"rot2D":false},{"id":1,"start":8,"stop":240,"grp":1,"spc":0,"of":0,"on":true,"bri":255,"col":[[0,0,0],[255,160,0],[0,0,0]],"fx":10,"sx":58,"ix":14,"f1x":112,"f2x":113,"f3x":111,"pal":2,"sel":true,"rev":true,"rev2D":false,"mi":false,"rot2D":false},{"id":2,"start":16,"stop":248,"grp":1,"spc":0,"of":0,"on":true,"bri":255,"col":[[0,0,0],[255,200,0],[0,0,0]],"fx":10,"sx":58,"ix":14,"f1x":112,"f2x":113,"f3x":111,"pal":2,"sel":true,"rev":false,"rev2D":false,"mi":false,"rot2D":false},{"id":3,"start":24,"stop":256,"grp":1,"spc":0,"of":0,"on":true,"bri":255,"col":[[0,0,0],[255,224,160],[0,0,0]],"fx":10,"sx":58,"ix":14,"f1x":112,"f2x":113,"f3x":111,"pal":2,"sel":true,"rev":true,"rev2D":false,"mi":false,"rot2D":false},{"id":4,"start":256,"stop":488,"grp":1,"spc":0,"of":0,"on":true,"bri":255,"col":[[0,0,0],[255,0,255],[0,0,0]],"fx":10,"sx":58,"ix":14,"f1x":112,"f2x":113,"f3x":111,"pal":2,"sel":true,"rev":false,"rev2D":true,"mi":false,"rot2D":false},{"id":5,"start":264,"stop":496,"grp":1,"spc":0,"of":0,"on":true,"bri":255,"col":[[0,0,0],[0,0,255],[0,0,0]],"fx":10,"sx":58,"ix":14,"f1x":112,"f2x":113,"f3x":111,"pal":2,"sel":true,"rev":true,"rev2D":true,"mi":false,"rot2D":false},{"id":6,"start":272,"stop":504,"grp":1,"spc":0,"of":0,"on":true,"bri":255,"col":[[0,0,0],[0,255,200],[0,0,0]],"fx":10,"sx":58,"ix":14,"f1x":112,"f2x":113,"f3x":111,"pal":2,"sel":true,"rev":false,"rev2D":true,"mi":false,"rot2D":false},{"id":7,"start":280,"stop":512,"grp":1,"spc":0,"of":0,"on":true,"bri":255,"col":[[0,0,0],[8,255,0],[0,0,0]],"fx":10,"sx":58,"ix":14,"f1x":112,"f2x":113,"f3x":111,"pal":2,"sel":true,"rev":true,"rev2D":true,"mi":false,"rot2D":false},{"id":8,"start":512,"stop":744,"grp":1,"spc":0,"of":0,"on":true,"bri":255,"col":[[0,0,0],[255,0,0],[0,0,0]],"fx":10,"sx":58,"ix":14,"f1x":112,"f2x":113,"f3x":111,"pal":2,"sel":true,"rev":false,"rev2D":false,"mi":false,"rot2D":false},{"id":9,"start":520,"stop":752,"grp":1,"spc":0,"of":0,"on":true,"bri":255,"col":[[0,0,0],[255,160,0],[0,0,0]],"fx":10,"sx":58,"ix":14,"f1x":112,"f2x":113,"f3x":111,"pal":2,"sel":true,"rev":true,"rev2D":false,"mi":false,"rot2D":false},{"id":10,"start":528,"stop":760,"grp":1,"spc":0,"of":0,"on":true,"bri":255,"col":[[0,0,0],[255,200,0],[0,0,0]],"fx":10,"sx":58,"ix":14,"f1x":112,"f2x":113,"f3x":111,"pal":2,"sel":true,"rev":false,"rev2D":false,"mi":false,"rot2D":false},{"id":11,"start":536,"stop":768,"grp":1,"spc":0,"of":0,"on":true,"bri":255,"col":[[0,0,0],[255,224,160],[0,0,0]],"fx":10,"sx":58,"ix":14,"f1x":112,"f2x":113,"f3x":111,"pal":2,"sel":true,"rev":true,"rev2D":false,"mi":false,"rot2D":false},{"id":12,"start":768,"stop":1000,"grp":1,"spc":0,"of":0,"on":true,"bri":255,"col":[[0,0,0],[255,0,255],[0,0,0]],"fx":10,"sx":58,"ix":14,"f1x":112,"f2x":113,"f3x":111,"pal":2,"sel":true,"rev":false,"rev2D":true,"mi":false,"rot2D":false},{"id":13,"start":776,"stop":1008,"grp":1,"spc":0,"of":0,"on":true,"bri":255,"col":[[0,0,0],[0,0,255],[0,0,0]],"fx":10,"sx":58,"ix":14,"f1x":112,"f2x":113,"f3x":111,"pal":2,"sel":true,"rev":true,"rev2D":true,"mi":false,"rot2D":false},{"id":14,"start":784,"stop":1016,"grp":1,"spc":0,"of":0,"on":true,"bri":255,"col":[[0,0,0],[0,255,200],[0,0,0]],"fx":10,"sx":58,"ix":14,"f1x":112,"f2x":113,"f3x":111,"pal":2,"sel":true,"rev":false,"rev2D":true,"mi":false,"rot2D":false},{"id":15,"start":792,"stop":1024,"grp":1,"spc":0,"of":0,"on":true,"bri":255,"col":[[0,0,0],[8,255,0],[0,0,0]],"fx":10,"sx":58,"ix":14,"f1x":112,"f2x":113,"f3x":111,"pal":2,"sel":true,"rev":true,"rev2D":true,"mi":false,"rot2D":false}]},"209":{"n":">Base 16 Squares","on":true,"bri":23,"transition":0,"mainseg":0,"seg":[{"id":0,"start":0,"stop":232,"grp":1,"spc":0,"of":0,"on":true,"bri":255,"col":[[255,0,0],[0,0,0],[0,0,0]],"fx":0,"sx":23,"ix":21,"f1x":112,"f2x":113,"f3x":111,"pal":11,"sel":true,"rev":false,"rev2D":false,"mi":false,"rot2D":false},{"id":1,"start":8,"stop":240,"grp":1,"spc":0,"of":0,"on":true,"bri":255,"col":[[255,160,0],[0,0,0],[0,0,0]],"fx":0,"sx":23,"ix":21,"f1x":112,"f2x":113,"f3x":111,"pal":11,"sel":true,"rev":false,"rev2D":false,"mi":false,"rot2D":false},{"id":2,"start":16,"stop":248,"grp":1,"spc":0,"of":0,"on":true,"bri":255,"col":[[255,200,0],[0,0,0],[0,0,0]],"fx":0,"sx":23,"ix":21,"f1x":112,"f2x":113,"f3x":111,"pal":11,"sel":true,"rev":false,"rev2D":false,"mi":false,"rot2D":false},{"id":3,"start":24,"stop":256,"grp":1,"spc":0,"of":0,"on":true,"bri":255,"col":[[255,224,160],[0,0,0],[0,0,0]],"fx":0,"sx":23,"ix":21,"f1x":112,"f2x":113,"f3x":111,"pal":11,"sel":true,"rev":false,"rev2D":false,"mi":false,"rot2D":false},{"id":4,"start":256,"stop":488,"grp":1,"spc":0,"of":0,"on":true,"bri":255,"col":[[255,0,255],[0,0,0],[0,0,0]],"fx":0,"sx":23,"ix":21,"f1x":112,"f2x":113,"f3x":111,"pal":11,"sel":true,"rev":false,"rev2D":false,"mi":false,"rot2D":false},{"id":5,"start":264,"stop":496,"grp":1,"spc":0,"of":0,"on":true,"bri":255,"col":[[0,0,255],[0,0,0],[0,0,0]],"fx":0,"sx":23,"ix":21,"f1x":112,"f2x":113,"f3x":111,"pal":11,"sel":true,"rev":false,"rev2D":false,"mi":false,"rot2D":false},{"id":6,"start":272,"stop":504,"grp":1,"spc":0,"of":0,"on":true,"bri":255,"col":[[0,255,200],[0,0,0],[0,0,0]],"fx":0,"sx":23,"ix":21,"f1x":112,"f2x":113,"f3x":111,"pal":11,"sel":true,"rev":false,"rev2D":false,"mi":false,"rot2D":false},{"id":7,"start":280,"stop":512,"grp":1,"spc":0,"of":0,"on":true,"bri":255,"col":[[8,255,0],[0,0,0],[0,0,0]],"fx":0,"sx":23,"ix":21,"f1x":112,"f2x":113,"f3x":111,"pal":11,"sel":true,"rev":false,"rev2D":false,"mi":false,"rot2D":false},{"id":8,"start":512,"stop":744,"grp":1,"spc":0,"of":0,"on":true,"bri":255,"col":[[255,0,0],[0,0,0],[0,0,0]],"fx":0,"sx":23,"ix":21,"f1x":112,"f2x":113,"f3x":111,"pal":11,"sel":true,"rev":false,"rev2D":false,"mi":false,"rot2D":false},{"id":9,"start":520,"stop":752,"grp":1,"spc":0,"of":0,"on":true,"bri":255,"col":[[255,160,0],[0,0,0],[0,0,0]],"fx":0,"sx":23,"ix":21,"f1x":112,"f2x":113,"f3x":111,"pal":11,"sel":true,"rev":false,"rev2D":false,"mi":false,"rot2D":false},{"id":10,"start":528,"stop":760,"grp":1,"spc":0,"of":0,"on":true,"bri":255,"col":[[255,200,0],[0,0,0],[0,0,0]],"fx":0,"sx":23,"ix":21,"f1x":112,"f2x":113,"f3x":111,"pal":11,"sel":true,"rev":false,"rev2D":false,"mi":false,"rot2D":false},{"id":11,"start":536,"stop":768,"grp":1,"spc":0,"of":0,"on":true,"bri":255,"col":[[255,224,160],[0,0,0],[0,0,0]],"fx":0,"sx":23,"ix":21,"f1x":112,"f2x":113,"f3x":111,"pal":11,"sel":true,"rev":false,"rev2D":false,"mi":false,"rot2D":false},{"id":12,"start":768,"stop":1000,"grp":1,"spc":0,"of":0,"on":true,"bri":255,"col":[[255,0,255],[0,0,0],[0,0,0]],"fx":0,"sx":23,"ix":21,"f1x":112,"f2x":113,"f3x":111,"pal":11,"sel":true,"rev":false,"rev2D":false,"mi":false,"rot2D":false},{"id":13,"start":776,"stop":1008,"grp":1,"spc":0,"of":0,"on":true,"bri":255,"col":[[0,0,255],[0,0,0],[0,0,0]],"fx":0,"sx":23,"ix":21,"f1x":112,"f2x":113,"f3x":111,"pal":11,"sel":true,"rev":false,"rev2D":false,"mi":false,"rot2D":false},{"id":14,"start":784,"stop":1016,"grp":1,"spc":0,"of":0,"on":true,"bri":255,"col":[[0,255,200],[0,0,0],[0,0,0]],"fx":0,"sx":23,"ix":21,"f1x":112,"f2x":113,"f3x":111,"pal":11,"sel":true,"rev":false,"rev2D":false,"mi":false,"rot2D":false},{"id":15,"start":792,"stop":1024,"grp":1,"spc":0,"of":0,"on":true,"bri":255,"col":[[8,255,0],[0,0,0],[0,0,0]],"fx":0,"sx":23,"ix":21,"f1x":112,"f2x":113,"f3x":111,"pal":11,"sel":true,"rev":false,"rev2D":false,"mi":false,"rot2D":false}]},"210":{"n":"4 Square Blends mirrors","on":true,"bri":96,"transition":0,"mainseg":0,"seg":[{"id":0,"start":0,"stop":496,"grp":1,"spc":0,"of":0,"on":true,"bri":255,"col":[[171,0,171],[0,0,128],[16,64,64]],"fx":115,"sx":126,"ix":254,"f1x":186,"f2x":196,"f3x":191,"pal":26,"sel":true,"rev":false,"rev2D":false,"mi":true,"rot2D":false},{"id":1,"start":16,"stop":512,"grp":1,"spc":0,"of":0,"on":true,"bri":255,"col":[[171,0,171],[0,0,128],[16,64,64]],"fx":115,"sx":126,"ix":254,"f1x":186,"f2x":196,"f3x":191,"pal":26,"sel":true,"rev":true,"rev2D":false,"mi":true,"rot2D":false},{"id":2,"start":512,"stop":1008,"grp":1,"spc":0,"of":0,"on":true,"bri":255,"col":[[171,0,171],[0,0,128],[16,64,64]],"fx":115,"sx":126,"ix":254,"f1x":186,"f2x":196,"f3x":191,"pal":26,"sel":true,"rev":false,"rev2D":true,"mi":true,"rot2D":false},{"id":3,"start":528,"stop":1024,"grp":1,"spc":0,"of":0,"on":true,"bri":255,"col":[[171,0,171],[0,0,128],[16,64,64]],"fx":115,"sx":126,"ix":254,"f1x":186,"f2x":196,"f3x":191,"pal":26,"sel":true,"rev":true,"rev2D":true,"mi":true,"rot2D":false},{"stop":0},{"stop":0},{"stop":0},{"stop":0},{"stop":0},{"stop":0},{"stop":0},{"stop":0},{"stop":0},{"stop":0},{"stop":0},{"stop":0}]},"211":{"n":"4 Square Bursts","on":true,"bri":96,"transition":0,"mainseg":0,"seg":[{"id":0,"start":0,"stop":496,"grp":1,"spc":0,"of":0,"on":true,"bri":255,"col":[[171,0,171],[0,0,128],[16,64,64]],"fx":167,"sx":100,"ix":156,"f1x":186,"f2x":196,"f3x":191,"pal":31,"sel":true,"rev":false,"rev2D":false,"mi":false,"rot2D":false},{"id":1,"start":16,"stop":512,"grp":1,"spc":0,"of":0,"on":true,"bri":255,"col":[[171,0,171],[0,0,128],[16,64,64]],"fx":167,"sx":100,"ix":156,"f1x":186,"f2x":196,"f3x":191,"pal":31,"sel":true,"rev":true,"rev2D":false,"mi":false,"rot2D":false},{"id":2,"start":512,"stop":1008,"grp":1,"spc":0,"of":0,"on":true,"bri":255,"col":[[171,0,171],[0,0,128],[16,64,64]],"fx":167,"sx":100,"ix":156,"f1x":186,"f2x":196,"f3x":191,"pal":31,"sel":true,"rev":false,"rev2D":true,"mi":false,"rot2D":false},{"id":3,"start":528,"stop":1024,"grp":1,"spc":0,"of":0,"on":true,"bri":255,"col":[[171,0,171],[0,0,128],[16,64,64]],"fx":167,"sx":100,"ix":156,"f1x":186,"f2x":196,"f3x":191,"pal":31,"sel":true,"rev":true,"rev2D":true,"mi":false,"rot2D":false},{"stop":0},{"stop":0},{"stop":0},{"stop":0},{"stop":0},{"stop":0},{"stop":0},{"stop":0},{"stop":0},{"stop":0},{"stop":0},{"stop":0}]},"212":{"n":"4 Vertical Saw","on":true,"bri":76,"transition":0,"mainseg":0,"seg":[{"id":0,"start":0,"stop":1000,"grp":1,"spc":0,"of":0,"on":true,"bri":255,"col":[[0,0,0],[0,0,0],[0,0,0]],"fx":16,"sx":142,"ix":142,"f1x":186,"f2x":196,"f3x":191,"pal":40,"sel":true,"rev":false,"rev2D":false,"mi":false,"rot2D":false},{"id":1,"start":8,"stop":1008,"grp":1,"spc":0,"of":0,"on":true,"bri":255,"col":[[0,0,0],[0,0,0],[0,0,0]],"fx":16,"sx":142,"ix":142,"f1x":186,"f2x":196,"f3x":191,"pal":40,"sel":true,"rev":true,"rev2D":false,"mi":false,"rot2D":false},{"id":2,"start":16,"stop":1016,"grp":1,"spc":0,"of":0,"on":true,"bri":255,"col":[[0,0,0],[0,0,0],[0,0,0]],"fx":16,"sx":142,"ix":142,"f1x":186,"f2x":196,"f3x":191,"pal":40,"sel":true,"rev":false,"rev2D":false,"mi":false,"rot2D":false},{"id":3,"start":24,"stop":1024,"grp":1,"spc":0,"of":0,"on":true,"bri":255,"col":[[0,0,0],[0,0,0],[0,0,0]],"fx":16,"sx":142,"ix":142,"f1x":186,"f2x":196,"f3x":191,"pal":40,"sel":true,"rev":true,"rev2D":false,"mi":false,"rot2D":false},{"stop":0},{"stop":0},{"stop":0},{"stop":0},{"stop":0},{"stop":0},{"stop":0},{"stop":0},{"stop":0},{"stop":0},{"stop":0},{"stop":0}]},"213":{"n":"5 Briljant","on":true,"bri":89,"transition":0,"mainseg":0,"seg":[{"id":0,"start":0,"stop":372,"grp":1,"spc":0,"of":0,"on":true,"bri":255,"col":[[255,0,0],[59,42,27],[0,0,255]],"fx":183,"sx":47,"ix":142,"f1x":89,"f2x":74,"f3x":111,"pal":11,"sel":true,"rev":false,"rev2D":false,"mi":false,"rot2D":false},{"id":1,"start":20,"stop":640,"grp":1,"spc":0,"of":0,"on":true,"bri":255,"col":[[255,0,0],[59,42,27],[0,0,255]],"fx":183,"sx":47,"ix":142,"f1x":89,"f2x":74,"f3x":111,"pal":11,"sel":true,"rev":false,"rev2D":false,"mi":false,"rot2D":true},{"id":2,"start":652,"stop":1024,"grp":1,"spc":0,"of":0,"on":true,"bri":255,"col":[[255,0,0],[59,42,27],[0,0,255]],"fx":183,"sx":47,"ix":142,"f1x":89,"f2x":74,"f3x":111,"pal":11,"sel":true,"rev":true,"rev2D":true,"mi":false,"rot2D":false},{"id":3,"start":384,"stop":1004,"grp":1,"spc":0,"of":0,"on":true,"bri":255,"col":[[255,0,0],[59,42,27],[0,0,255]],"fx":183,"sx":47,"ix":142,"f1x":89,"f2x":74,"f3x":111,"pal":11,"sel":true,"rev":true,"rev2D":true,"mi":false,"rot2D":true},{"id":4,"start":396,"stop":628,"grp":1,"spc":0,"of":0,"on":true,"bri":255,"col":[[255,0,0],[59,42,27],[0,0,255]],"fx":183,"sx":47,"ix":142,"f1x":89,"f2x":74,"f3x":111,"pal":11,"sel":true,"rev":true,"rev2D":false,"mi":false,"rot2D":false},{"stop":0},{"stop":0},{"stop":0},{"stop":0},{"stop":0},{"stop":0},{"stop":0},{"stop":0},{"stop":0},{"stop":0},{"stop":0}]},"214":{"n":"5 Rose","on":true,"bri":21,"transition":0,"mainseg":0,"seg":[{"id":0,"start":0,"stop":372,"grp":1,"spc":0,"of":0,"on":true,"bri":255,"col":[[255,0,0],[133,0,3],[189,25,0]],"fx":176,"sx":207,"ix":0,"f1x":110,"f2x":100,"f3x":172,"pal":4,"sel":true,"rev":false,"rev2D":false,"mi":false,"rot2D":false},{"id":1,"start":20,"stop":640,"grp":1,"spc":0,"of":0,"on":true,"bri":255,"col":[[255,0,0],[133,0,3],[189,25,0]],"fx":176,"sx":207,"ix":0,"f1x":110,"f2x":100,"f3x":172,"pal":4,"sel":true,"rev":false,"rev2D":false,"mi":false,"rot2D":true},{"id":2,"start":652,"stop":1024,"grp":1,"spc":0,"of":0,"on":true,"bri":255,"col":[[255,0,0],[133,0,3],[189,25,0]],"fx":176,"sx":207,"ix":0,"f1x":110,"f2x":100,"f3x":172,"pal":4,"sel":true,"rev":true,"rev2D":true,"mi":false,"rot2D":false},{"id":3,"start":384,"stop":1004,"grp":1,"spc":0,"of":0,"on":true,"bri":255,"col":[[255,0,0],[133,0,3],[189,25,0]],"fx":176,"sx":207,"ix":0,"f1x":110,"f2x":100,"f3x":172,"pal":4,"sel":true,"rev":true,"rev2D":true,"mi":false,"rot2D":true},{"id":4,"start":396,"stop":628,"grp":1,"spc":0,"of":0,"on":true,"bri":255,"col":[[255,0,0],[133,0,3],[189,25,0]],"fx":176,"sx":207,"ix":0,"f1x":110,"f2x":100,"f3x":172,"pal":4,"sel":true,"rev":true,"rev2D":false,"mi":false,"rot2D":false},{"stop":0},{"stop":0},{"stop":0},{"stop":0},{"stop":0},{"stop":0},{"stop":0},{"stop":0},{"stop":0},{"stop":0},{"stop":0}]},"215":{"n":"5 Wavesins Lissajous","on":true,"bri":27,"transition":0,"mainseg":0,"seg":[{"id":0,"start":0,"stop":496,"grp":1,"spc":0,"of":0,"on":true,"bri":255,"col":[[171,0,171],[0,0,128],[16,64,64]],"fx":184,"sx":107,"ix":86,"f1x":19,"f2x":128,"f3x":171,"pal":11,"sel":false,"rev":false,"rev2D":false,"mi":true,"rot2D":false},{"id":1,"start":16,"stop":512,"grp":1,"spc":0,"of":0,"on":true,"bri":255,"col":[[171,0,171],[0,0,128],[16,64,64]],"fx":184,"sx":107,"ix":86,"f1x":19,"f2x":128,"f3x":171,"pal":11,"sel":false,"rev":true,"rev2D":false,"mi":true,"rot2D":false},{"id":2,"start":512,"stop":1008,"grp":1,"spc":0,"of":0,"on":true,"bri":255,"col":[[171,0,171],[0,0,128],[16,64,64]],"fx":184,"sx":107,"ix":86,"f1x":19,"f2x":128,"f3x":171,"pal":11,"sel":false,"rev":false,"rev2D":true,"mi":true,"rot2D":false},{"id":3,"start":528,"stop":1024,"grp":1,"spc":0,"of":0,"on":true,"bri":255,"col":[[171,0,171],[0,0,128],[16,64,64]],"fx":184,"sx":107,"ix":86,"f1x":19,"f2x":128,"f3x":171,"pal":11,"sel":false,"rev":true,"rev2D":true,"mi":true,"rot2D":false},{"id":4,"start":198,"stop":826,"grp":1,"spc":0,"of":0,"on":true,"bri":255,"col":[[255,160,0],[0,0,255],[8,255,0]],"fx":176,"sx":255,"ix":255,"f1x":33,"f2x":245,"f3x":41,"pal":26,"sel":true,"rev":false,"rev2D":false,"mi":false,"rot2D":true},{"stop":0},{"stop":0},{"stop":0},{"stop":0},{"stop":0},{"stop":0},{"stop":0},{"stop":0},{"stop":0},{"stop":0},{"stop":0}]},"216":{"n":"6 Stacked DNA","on":true,"bri":39,"transition":0,"mainseg":0,"seg":[{"id":0,"start":0,"stop":1024,"grp":1,"spc":0,"of":0,"on":true,"bri":255,"col":[[255,0,0],[8,255,0],[0,0,255]],"fx":180,"sx":23,"ix":23,"f1x":255,"f2x":254,"f3x":254,"pal":0,"sel":true,"rev":false,"rev2D":false,"mi":false,"rot2D":false},{"id":1,"start":66,"stop":958,"grp":1,"spc":0,"of":0,"on":true,"bri":255,"col":[[8,255,0],[0,0,255],[255,0,0]],"fx":180,"sx":23,"ix":23,"f1x":255,"f2x":0,"f3x":0,"pal":0,"sel":true,"rev":false,"rev2D":false,"mi":false,"rot2D":true},{"id":2,"start":132,"stop":892,"grp":1,"spc":0,"of":0,"on":true,"bri":255,"col":[[0,0,255],[255,0,0],[8,255,0]],"fx":180,"sx":23,"ix":23,"f1x":255,"f2x":0,"f3x":0,"pal":0,"sel":true,"rev":false,"rev2D":true,"mi":false,"rot2D":false},{"id":3,"start":198,"stop":826,"grp":1,"spc":0,"of":0,"on":true,"bri":255,"col":[[255,0,0],[8,255,0],[0,0,255]],"fx":180,"sx":23,"ix":23,"f1x":0,"f2x":0,"f3x":0,"pal":0,"sel":true,"rev":false,"rev2D":true,"mi":false,"rot2D":true},{"id":4,"start":264,"stop":760,"grp":1,"spc":0,"of":0,"on":true,"bri":255,"col":[[0,0,0],[0,0,0],[0,0,0]],"fx":180,"sx":128,"ix":128,"f1x":0,"f2x":0,"f3x":0,"pal":0,"sel":true,"rev":false,"rev2D":false,"mi":false,"rot2D":false},{"id":5,"start":330,"stop":694,"grp":1,"spc":0,"of":0,"on":true,"bri":255,"col":[[255,0,0],[0,0,0],[0,0,0]],"fx":152,"sx":143,"ix":205,"f1x":0,"f2x":0,"f3x":0,"pal":11,"sel":true,"rev":false,"rev2D":true,"mi":false,"rot2D":false},{"stop":0},{"stop":0},{"stop":0},{"stop":0},{"stop":0},{"stop":0},{"stop":0},{"stop":0},{"stop":0},{"stop":0}]},"217":{"n":"8 Wavesin Arabic","on":true,"bri":42,"transition":0,"mainseg":0,"seg":[{"id":0,"start":0,"stop":496,"grp":1,"spc":0,"of":0,"on":true,"bri":255,"col":[[171,0,171],[0,0,128],[16,64,64]],"fx":184,"sx":17,"ix":188,"f1x":100,"f2x":41,"f3x":91,"pal":46,"sel":false,"rev":false,"rev2D":false,"mi":false,"rot2D":false},{"id":1,"start":16,"stop":512,"grp":1,"spc":0,"of":0,"on":true,"bri":255,"col":[[171,0,171],[0,0,128],[16,64,64]],"fx":184,"sx":17,"ix":188,"f1x":100,"f2x":41,"f3x":91,"pal":46,"sel":false,"rev":true,"rev2D":false,"mi":false,"rot2D":false},{"id":2,"start":512,"stop":1008,"grp":1,"spc":0,"of":0,"on":true,"bri":255,"col":[[171,0,171],[0,0,128],[16,64,64]],"fx":184,"sx":17,"ix":188,"f1x":100,"f2x":41,"f3x":91,"pal":46,"sel":false,"rev":false,"rev2D":true,"mi":false,"rot2D":false},{"id":3,"start":528,"stop":1024,"grp":1,"spc":0,"of":0,"on":true,"bri":255,"col":[[171,0,171],[0,0,128],[16,64,64]],"fx":184,"sx":17,"ix":188,"f1x":100,"f2x":41,"f3x":91,"pal":46,"sel":false,"rev":true,"rev2D":true,"mi":false,"rot2D":false},{"stop":0},{"id":5,"start":198,"stop":496,"grp":1,"spc":0,"of":0,"on":true,"bri":255,"col":[[255,160,0],[8,255,0],[0,0,255]],"fx":184,"sx":5,"ix":56,"f1x":100,"f2x":41,"f3x":46,"pal":46,"sel":false,"rev":false,"rev2D":false,"mi":false,"rot2D":false},{"id":6,"start":208,"stop":506,"grp":1,"spc":0,"of":0,"on":true,"bri":255,"col":[[255,160,0],[8,255,0],[0,0,255]],"fx":184,"sx":5,"ix":56,"f1x":100,"f2x":41,"f3x":46,"pal":46,"sel":false,"rev":true,"rev2D":false,"mi":false,"rot2D":false},{"id":7,"start":518,"stop":816,"grp":1,"spc":0,"of":0,"on":true,"bri":255,"col":[[255,160,0],[8,255,0],[0,0,255]],"fx":184,"sx":5,"ix":56,"f1x":100,"f2x":41,"f3x":46,"pal":46,"sel":false,"rev":false,"rev2D":true,"mi":false,"rot2D":false},{"id":8,"start":528,"stop":826,"grp":1,"spc":0,"of":0,"on":true,"bri":255,"col":[[255,160,0],[8,255,0],[0,0,255]],"fx":184,"sx":5,"ix":56,"f1x":100,"f2x":41,"f3x":46,"pal":46,"sel":false,"rev":true,"rev2D":true,"mi":false,"rot2D":false},{"stop":0},{"stop":0},{"stop":0},{"stop":0},{"stop":0},{"stop":0},{"stop":0}]},"218":{"n":"8 Wavesin cyan","on":true,"bri":27,"transition":0,"mainseg":0,"seg":[{"id":0,"start":0,"stop":496,"grp":1,"spc":0,"of":0,"on":true,"bri":255,"col":[[171,0,171],[0,0,128],[16,64,64]],"fx":184,"sx":5,"ix":76,"f1x":203,"f2x":101,"f3x":91,"pal":46,"sel":false,"rev":false,"rev2D":false,"mi":false,"rot2D":false},{"id":1,"start":16,"stop":512,"grp":1,"spc":0,"of":0,"on":true,"bri":255,"col":[[171,0,171],[0,0,128],[16,64,64]],"fx":184,"sx":5,"ix":76,"f1x":203,"f2x":101,"f3x":91,"pal":46,"sel":false,"rev":true,"rev2D":false,"mi":false,"rot2D":false},{"id":2,"start":512,"stop":1008,"grp":1,"spc":0,"of":0,"on":true,"bri":255,"col":[[171,0,171],[0,0,128],[16,64,64]],"fx":184,"sx":5,"ix":76,"f1x":203,"f2x":101,"f3x":91,"pal":46,"sel":false,"rev":false,"rev2D":true,"mi":false,"rot2D":false},{"id":3,"start":528,"stop":1024,"grp":1,"spc":0,"of":0,"on":true,"bri":255,"col":[[171,0,171],[0,0,128],[16,64,64]],"fx":184,"sx":5,"ix":76,"f1x":203,"f2x":101,"f3x":91,"pal":46,"sel":false,"rev":true,"rev2D":true,"mi":false,"rot2D":false},{"id":4,"start":198,"stop":826,"grp":1,"spc":0,"of":0,"on":false,"bri":255,"col":[[255,160,0],[0,0,255],[8,255,0]],"fx":176,"sx":255,"ix":255,"f1x":33,"f2x":245,"f3x":41,"pal":26,"sel":false,"rev":false,"rev2D":false,"mi":false,"rot2D":true},{"id":5,"start":198,"stop":496,"grp":1,"spc":0,"of":0,"on":true,"bri":255,"col":[[255,160,0],[8,255,0],[0,0,255]],"fx":184,"sx":5,"ix":56,"f1x":203,"f2x":80,"f3x":46,"pal":46,"sel":false,"rev":false,"rev2D":false,"mi":false,"rot2D":false},{"id":6,"start":208,"stop":506,"grp":1,"spc":0,"of":0,"on":true,"bri":255,"col":[[255,160,0],[8,255,0],[0,0,255]],"fx":184,"sx":5,"ix":56,"f1x":203,"f2x":80,"f3x":46,"pal":46,"sel":false,"rev":true,"rev2D":false,"mi":false,"rot2D":false},{"id":7,"start":518,"stop":816,"grp":1,"spc":0,"of":0,"on":true,"bri":255,"col":[[255,160,0],[8,255,0],[0,0,255]],"fx":184,"sx":5,"ix":56,"f1x":203,"f2x":80,"f3x":46,"pal":46,"sel":false,"rev":false,"rev2D":true,"mi":false,"rot2D":false},{"id":8,"start":528,"stop":826,"grp":1,"spc":0,"of":0,"on":true,"bri":255,"col":[[255,160,0],[8,255,0],[0,0,255]],"fx":184,"sx":5,"ix":56,"f1x":203,"f2x":80,"f3x":46,"pal":46,"sel":false,"rev":true,"rev2D":true,"mi":false,"rot2D":false},{"stop":0},{"stop":0},{"stop":0},{"stop":0},{"stop":0},{"stop":0},{"stop":0}]},"219":{"n":"8 Wavesin eye","on":true,"bri":27,"transition":0,"mainseg":0,"seg":[{"id":0,"start":0,"stop":496,"grp":1,"spc":0,"of":0,"on":true,"bri":255,"col":[[171,0,171],[0,0,128],[16,64,64]],"fx":184,"sx":21,"ix":53,"f1x":76,"f2x":120,"f3x":203,"pal":28,"sel":false,"rev":false,"rev2D":false,"mi":false,"rot2D":false},{"id":1,"start":16,"stop":512,"grp":1,"spc":0,"of":0,"on":true,"bri":255,"col":[[171,0,171],[0,0,128],[16,64,64]],"fx":184,"sx":21,"ix":53,"f1x":76,"f2x":120,"f3x":203,"pal":28,"sel":false,"rev":true,"rev2D":false,"mi":false,"rot2D":false},{"id":2,"start":512,"stop":1008,"grp":1,"spc":0,"of":0,"on":true,"bri":255,"col":[[171,0,171],[0,0,128],[16,64,64]],"fx":184,"sx":21,"ix":53,"f1x":76,"f2x":120,"f3x":203,"pal":28,"sel":false,"rev":false,"rev2D":true,"mi":false,"rot2D":false},{"id":3,"start":528,"stop":1024,"grp":1,"spc":0,"of":0,"on":true,"bri":255,"col":[[171,0,171],[0,0,128],[16,64,64]],"fx":184,"sx":21,"ix":53,"f1x":76,"f2x":120,"f3x":203,"pal":28,"sel":false,"rev":true,"rev2D":true,"mi":false,"rot2D":false},{"stop":0},{"id":5,"start":198,"stop":496,"grp":1,"spc":0,"of":0,"on":true,"bri":255,"col":[[255,160,0],[8,255,0],[0,0,255]],"fx":184,"sx":21,"ix":53,"f1x":76,"f2x":120,"f3x":203,"pal":28,"sel":false,"rev":false,"rev2D":false,"mi":false,"rot2D":false},{"id":6,"start":208,"stop":506,"grp":1,"spc":0,"of":0,"on":true,"bri":255,"col":[[255,160,0],[8,255,0],[0,0,255]],"fx":184,"sx":21,"ix":53,"f1x":76,"f2x":120,"f3x":203,"pal":28,"sel":false,"rev":true,"rev2D":false,"mi":false,"rot2D":false},{"id":7,"start":518,"stop":816,"grp":1,"spc":0,"of":0,"on":true,"bri":255,"col":[[255,160,0],[8,255,0],[0,0,255]],"fx":184,"sx":21,"ix":53,"f1x":76,"f2x":120,"f3x":203,"pal":28,"sel":false,"rev":false,"rev2D":true,"mi":false,"rot2D":false},{"id":8,"start":528,"stop":826,"grp":1,"spc":0,"of":0,"on":true,"bri":255,"col":[[255,160,0],[8,255,0],[0,0,255]],"fx":184,"sx":21,"ix":53,"f1x":76,"f2x":120,"f3x":203,"pal":28,"sel":false,"rev":true,"rev2D":true,"mi":false,"rot2D":false},{"stop":0},{"stop":0},{"stop":0},{"stop":0},{"stop":0},{"stop":0},{"stop":0}]},"220":{"n":"16 Hiphotic kal","on":true,"bri":38,"transition":0,"mainseg":0,"seg":[{"id":0,"start":0,"stop":232,"grp":1,"spc":0,"of":0,"on":true,"bri":255,"col":[[255,0,0],[8,255,0],[0,0,255]],"fx":180,"sx":112,"ix":111,"f1x":243,"f2x":239,"f3x":111,"pal":26,"sel":true,"rev":false,"rev2D":false,"mi":false,"rot2D":false},{"id":1,"start":8,"stop":240,"grp":1,"spc":0,"of":0,"on":true,"bri":255,"col":[[255,0,0],[8,255,0],[0,0,255]],"fx":180,"sx":112,"ix":111,"f1x":243,"f2x":239,"f3x":111,"pal":26,"sel":true,"rev":true,"rev2D":false,"mi":false,"rot2D":false},{"id":2,"start":16,"stop":248,"grp":1,"spc":0,"of":0,"on":true,"bri":255,"col":[[255,0,0],[8,255,0],[0,0,255]],"fx":180,"sx":112,"ix":111,"f1x":243,"f2x":239,"f3x":111,"pal":26,"sel":true,"rev":false,"rev2D":false,"mi":false,"rot2D":false},{"id":3,"start":24,"stop":256,"grp":1,"spc":0,"of":0,"on":true,"bri":255,"col":[[255,0,0],[8,255,0],[0,0,255]],"fx":180,"sx":112,"ix":111,"f1x":243,"f2x":239,"f3x":111,"pal":26,"sel":true,"rev":true,"rev2D":false,"mi":false,"rot2D":false},{"id":4,"start":256,"stop":488,"grp":1,"spc":0,"of":0,"on":true,"bri":255,"col":[[255,0,0],[8,255,0],[0,0,255]],"fx":180,"sx":112,"ix":111,"f1x":243,"f2x":239,"f3x":111,"pal":26,"sel":true,"rev":false,"rev2D":true,"mi":false,"rot2D":false},{"id":5,"start":264,"stop":496,"grp":1,"spc":0,"of":0,"on":true,"bri":255,"col":[[255,0,0],[8,255,0],[0,0,255]],"fx":180,"sx":112,"ix":111,"f1x":243,"f2x":239,"f3x":111,"pal":26,"sel":true,"rev":true,"rev2D":true,"mi":false,"rot2D":false},{"id":6,"start":272,"stop":504,"grp":1,"spc":0,"of":0,"on":true,"bri":255,"col":[[255,0,0],[8,255,0],[0,0,255]],"fx":180,"sx":112,"ix":111,"f1x":243,"f2x":239,"f3x":111,"pal":26,"sel":true,"rev":false,"rev2D":true,"mi":false,"rot2D":false},{"id":7,"start":280,"stop":512,"grp":1,"spc":0,"of":0,"on":true,"bri":255,"col":[[255,0,0],[8,255,0],[0,0,255]],"fx":180,"sx":112,"ix":111,"f1x":243,"f2x":239,"f3x":111,"pal":26,"sel":true,"rev":true,"rev2D":true,"mi":false,"rot2D":false},{"id":8,"start":512,"stop":744,"grp":1,"spc":0,"of":0,"on":true,"bri":255,"col":[[255,0,0],[8,255,0],[0,0,255]],"fx":180,"sx":112,"ix":111,"f1x":243,"f2x":239,"f3x":111,"pal":26,"sel":true,"rev":false,"rev2D":false,"mi":false,"rot2D":false},{"id":9,"start":520,"stop":752,"grp":1,"spc":0,"of":0,"on":true,"bri":255,"col":[[255,0,0],[8,255,0],[0,0,255]],"fx":180,"sx":112,"ix":111,"f1x":243,"f2x":239,"f3x":111,"pal":26,"sel":true,"rev":true,"rev2D":false,"mi":false,"rot2D":false},{"id":10,"start":528,"stop":760,"grp":1,"spc":0,"of":0,"on":true,"bri":255,"col":[[255,0,0],[8,255,0],[0,0,255]],"fx":180,"sx":112,"ix":111,"f1x":243,"f2x":239,"f3x":111,"pal":26,"sel":true,"rev":false,"rev2D":false,"mi":false,"rot2D":false},{"id":11,"start":536,"stop":768,"grp":1,"spc":0,"of":0,"on":true,"bri":255,"col":[[255,0,0],[8,255,0],[0,0,255]],"fx":180,"sx":112,"ix":111,"f1x":243,"f2x":239,"f3x":111,"pal":26,"sel":true,"rev":true,"rev2D":false,"mi":false,"rot2D":false},{"id":12,"start":768,"stop":1000,"grp":1,"spc":0,"of":0,"on":true,"bri":255,"col":[[255,0,0],[8,255,0],[0,0,255]],"fx":180,"sx":112,"ix":111,"f1x":243,"f2x":239,"f3x":111,"pal":26,"sel":true,"rev":false,"rev2D":true,"mi":false,"rot2D":false},{"id":13,"start":776,"stop":1008,"grp":1,"spc":0,"of":0,"on":true,"bri":255,"col":[[255,0,0],[8,255,0],[0,0,255]],"fx":180,"sx":112,"ix":111,"f1x":243,"f2x":239,"f3x":111,"pal":26,"sel":true,"rev":true,"rev2D":true,"mi":false,"rot2D":false},{"id":14,"start":784,"stop":1016,"grp":1,"spc":0,"of":0,"on":true,"bri":255,"col":[[255,0,0],[8,255,0],[0,0,255]],"fx":180,"sx":112,"ix":111,"f1x":243,"f2x":239,"f3x":111,"pal":26,"sel":true,"rev":false,"rev2D":true,"mi":false,"rot2D":false},{"id":15,"start":792,"stop":1024,"grp":1,"spc":0,"of":0,"on":true,"bri":255,"col":[[255,0,0],[8,255,0],[0,0,255]],"fx":180,"sx":112,"ix":111,"f1x":243,"f2x":239,"f3x":111,"pal":26,"sel":true,"rev":true,"rev2D":true,"mi":false,"rot2D":false}]},"221":{"n":"16 Lissajous","on":true,"bri":50,"transition":0,"mainseg":0,"seg":[{"id":0,"start":0,"stop":232,"grp":1,"spc":0,"of":0,"on":true,"bri":255,"col":[[94,92,40],[90,46,94],[51,81,83]],"fx":176,"sx":122,"ix":73,"f1x":167,"f2x":95,"f3x":208,"pal":11,"sel":true,"rev":false,"rev2D":false,"mi":true,"rot2D":false},{"id":1,"start":8,"stop":240,"grp":1,"spc":0,"of":0,"on":true,"bri":255,"col":[[94,92,40],[90,46,94],[51,81,83]],"fx":176,"sx":122,"ix":73,"f1x":167,"f2x":95,"f3x":208,"pal":11,"sel":true,"rev":true,"rev2D":false,"mi":true,"rot2D":false},{"id":2,"start":16,"stop":248,"grp":1,"spc":0,"of":0,"on":true,"bri":255,"col":[[94,92,40],[90,46,94],[51,81,83]],"fx":176,"sx":122,"ix":73,"f1x":167,"f2x":95,"f3x":208,"pal":11,"sel":true,"rev":false,"rev2D":false,"mi":true,"rot2D":false},{"id":3,"start":24,"stop":256,"grp":1,"spc":0,"of":0,"on":true,"bri":255,"col":[[94,92,40],[90,46,94],[51,81,83]],"fx":176,"sx":122,"ix":73,"f1x":167,"f2x":95,"f3x":208,"pal":11,"sel":true,"rev":true,"rev2D":false,"mi":true,"rot2D":false},{"id":4,"start":256,"stop":488,"grp":1,"spc":0,"of":0,"on":true,"bri":255,"col":[[94,92,40],[90,46,94],[51,81,83]],"fx":176,"sx":122,"ix":73,"f1x":167,"f2x":95,"f3x":208,"pal":11,"sel":true,"rev":false,"rev2D":true,"mi":true,"rot2D":false},{"id":5,"start":264,"stop":496,"grp":1,"spc":0,"of":0,"on":true,"bri":255,"col":[[94,92,40],[90,46,94],[51,81,83]],"fx":176,"sx":122,"ix":73,"f1x":167,"f2x":95,"f3x":208,"pal":11,"sel":true,"rev":true,"rev2D":true,"mi":true,"rot2D":false},{"id":6,"start":272,"stop":504,"grp":1,"spc":0,"of":0,"on":true,"bri":255,"col":[[94,92,40],[90,46,94],[51,81,83]],"fx":176,"sx":122,"ix":73,"f1x":167,"f2x":95,"f3x":208,"pal":11,"sel":true,"rev":false,"rev2D":true,"mi":true,"rot2D":false},{"id":7,"start":280,"stop":512,"grp":1,"spc":0,"of":0,"on":true,"bri":255,"col":[[94,92,40],[90,46,94],[51,81,83]],"fx":176,"sx":122,"ix":73,"f1x":167,"f2x":95,"f3x":208,"pal":11,"sel":true,"rev":true,"rev2D":true,"mi":true,"rot2D":false},{"id":8,"start":512,"stop":744,"grp":1,"spc":0,"of":0,"on":true,"bri":255,"col":[[94,92,40],[90,46,94],[51,81,83]],"fx":176,"sx":122,"ix":73,"f1x":167,"f2x":95,"f3x":208,"pal":11,"sel":true,"rev":false,"rev2D":false,"mi":true,"rot2D":false},{"id":9,"start":520,"stop":752,"grp":1,"spc":0,"of":0,"on":true,"bri":255,"col":[[94,92,40],[90,46,94],[51,81,83]],"fx":176,"sx":122,"ix":73,"f1x":167,"f2x":95,"f3x":208,"pal":11,"sel":true,"rev":true,"rev2D":false,"mi":true,"rot2D":false},{"id":10,"start":528,"stop":760,"grp":1,"spc":0,"of":0,"on":true,"bri":255,"col":[[94,92,40],[90,46,94],[51,81,83]],"fx":176,"sx":122,"ix":73,"f1x":167,"f2x":95,"f3x":208,"pal":11,"sel":true,"rev":false,"rev2D":false,"mi":true,"rot2D":false},{"id":11,"start":536,"stop":768,"grp":1,"spc":0,"of":0,"on":true,"bri":255,"col":[[94,92,40],[90,46,94],[51,81,83]],"fx":176,"sx":122,"ix":73,"f1x":167,"f2x":95,"f3x":208,"pal":11,"sel":true,"rev":true,"rev2D":false,"mi":true,"rot2D":false},{"id":12,"start":768,"stop":1000,"grp":1,"spc":0,"of":0,"on":true,"bri":255,"col":[[94,92,40],[90,46,94],[51,81,83]],"fx":176,"sx":122,"ix":73,"f1x":167,"f2x":95,"f3x":208,"pal":11,"sel":true,"rev":false,"rev2D":true,"mi":true,"rot2D":false},{"id":13,"start":776,"stop":1008,"grp":1,"spc":0,"of":0,"on":true,"bri":255,"col":[[94,92,40],[90,46,94],[51,81,83]],"fx":176,"sx":122,"ix":73,"f1x":167,"f2x":95,"f3x":208,"pal":11,"sel":true,"rev":true,"rev2D":true,"mi":true,"rot2D":false},{"id":14,"start":784,"stop":1016,"grp":1,"spc":0,"of":0,"on":true,"bri":255,"col":[[94,92,40],[90,46,94],[51,81,83]],"fx":176,"sx":122,"ix":73,"f1x":167,"f2x":95,"f3x":208,"pal":11,"sel":true,"rev":false,"rev2D":true,"mi":true,"rot2D":false},{"id":15,"start":792,"stop":1024,"grp":1,"spc":0,"of":0,"on":true,"bri":255,"col":[[94,92,40],[90,46,94],[51,81,83]],"fx":176,"sx":122,"ix":73,"f1x":167,"f2x":95,"f3x":208,"pal":11,"sel":true,"rev":true,"rev2D":true,"mi":true,"rot2D":false}]},"222":{"n":"16 Saw","on":true,"bri":89,"transition":0,"mainseg":0,"seg":[{"id":0,"start":0,"stop":232,"grp":1,"spc":0,"of":0,"on":true,"bri":255,"col":[[255,0,0],[59,42,27],[0,0,255]],"fx":16,"sx":47,"ix":142,"f1x":89,"f2x":74,"f3x":111,"pal":12,"sel":true,"rev":false,"rev2D":false,"mi":false,"rot2D":false},{"id":1,"start":8,"stop":240,"grp":1,"spc":0,"of":0,"on":true,"bri":255,"col":[[255,0,0],[59,42,27],[0,0,255]],"fx":16,"sx":47,"ix":142,"f1x":89,"f2x":74,"f3x":111,"pal":12,"sel":true,"rev":true,"rev2D":false,"mi":false,"rot2D":false},{"id":2,"start":16,"stop":248,"grp":1,"spc":0,"of":0,"on":true,"bri":255,"col":[[255,0,0],[59,42,27],[0,0,255]],"fx":16,"sx":47,"ix":142,"f1x":89,"f2x":74,"f3x":111,"pal":12,"sel":true,"rev":false,"rev2D":false,"mi":false,"rot2D":false},{"id":3,"start":24,"stop":256,"grp":1,"spc":0,"of":0,"on":true,"bri":255,"col":[[255,0,0],[59,42,27],[0,0,255]],"fx":16,"sx":47,"ix":142,"f1x":89,"f2x":74,"f3x":111,"pal":12,"sel":true,"rev":true,"rev2D":false,"mi":false,"rot2D":false},{"id":4,"start":256,"stop":488,"grp":1,"spc":0,"of":0,"on":true,"bri":255,"col":[[255,0,0],[59,42,27],[0,0,255]],"fx":16,"sx":47,"ix":142,"f1x":89,"f2x":74,"f3x":111,"pal":12,"sel":true,"rev":false,"rev2D":true,"mi":false,"rot2D":false},{"id":5,"start":264,"stop":496,"grp":1,"spc":0,"of":0,"on":true,"bri":255,"col":[[255,0,0],[59,42,27],[0,0,255]],"fx":16,"sx":47,"ix":142,"f1x":89,"f2x":74,"f3x":111,"pal":12,"sel":true,"rev":true,"rev2D":true,"mi":false,"rot2D":false},{"id":6,"start":272,"stop":504,"grp":1,"spc":0,"of":0,"on":true,"bri":255,"col":[[255,0,0],[59,42,27],[0,0,255]],"fx":16,"sx":47,"ix":142,"f1x":89,"f2x":74,"f3x":111,"pal":12,"sel":true,"rev":false,"rev2D":true,"mi":false,"rot2D":false},{"id":7,"start":280,"stop":512,"grp":1,"spc":0,"of":0,"on":true,"bri":255,"col":[[255,0,0],[59,42,27],[0,0,255]],"fx":16,"sx":47,"ix":142,"f1x":89,"f2x":74,"f3x":111,"pal":12,"sel":true,"rev":true,"rev2D":true,"mi":false,"rot2D":false},{"id":8,"start":512,"stop":744,"grp":1,"spc":0,"of":0,"on":true,"bri":255,"col":[[255,0,0],[59,42,27],[0,0,255]],"fx":16,"sx":47,"ix":142,"f1x":89,"f2x":74,"f3x":111,"pal":12,"sel":true,"rev":false,"rev2D":false,"mi":false,"rot2D":false},{"id":9,"start":520,"stop":752,"grp":1,"spc":0,"of":0,"on":true,"bri":255,"col":[[255,0,0],[59,42,27],[0,0,255]],"fx":16,"sx":47,"ix":142,"f1x":89,"f2x":74,"f3x":111,"pal":12,"sel":true,"rev":true,"rev2D":false,"mi":false,"rot2D":false},{"id":10,"start":528,"stop":760,"grp":1,"spc":0,"of":0,"on":true,"bri":255,"col":[[255,0,0],[59,42,27],[0,0,255]],"fx":16,"sx":47,"ix":142,"f1x":89,"f2x":74,"f3x":111,"pal":12,"sel":true,"rev":false,"rev2D":false,"mi":false,"rot2D":false},{"id":11,"start":536,"stop":768,"grp":1,"spc":0,"of":0,"on":true,"bri":255,"col":[[255,0,0],[59,42,27],[0,0,255]],"fx":16,"sx":47,"ix":142,"f1x":89,"f2x":74,"f3x":111,"pal":12,"sel":true,"rev":true,"rev2D":false,"mi":false,"rot2D":false},{"id":12,"start":768,"stop":1000,"grp":1,"spc":0,"of":0,"on":true,"bri":255,"col":[[255,0,0],[59,42,27],[0,0,255]],"fx":16,"sx":47,"ix":142,"f1x":89,"f2x":74,"f3x":111,"pal":12,"sel":true,"rev":false,"rev2D":true,"mi":false,"rot2D":false},{"id":13,"start":776,"stop":1008,"grp":1,"spc":0,"of":0,"on":true,"bri":255,"col":[[255,0,0],[59,42,27],[0,0,255]],"fx":16,"sx":47,"ix":142,"f1x":89,"f2x":74,"f3x":111,"pal":12,"sel":true,"rev":true,"rev2D":true,"mi":false,"rot2D":false},{"id":14,"start":784,"stop":1016,"grp":1,"spc":0,"of":0,"on":true,"bri":255,"col":[[255,0,0],[59,42,27],[0,0,255]],"fx":16,"sx":47,"ix":142,"f1x":89,"f2x":74,"f3x":111,"pal":12,"sel":true,"rev":false,"rev2D":true,"mi":false,"rot2D":false},{"id":15,"start":792,"stop":1024,"grp":1,"spc":0,"of":0,"on":true,"bri":255,"col":[[255,0,0],[59,42,27],[0,0,255]],"fx":16,"sx":47,"ix":142,"f1x":89,"f2x":74,"f3x":111,"pal":12,"sel":true,"rev":true,"rev2D":true,"mi":false,"rot2D":false}]},"223":{"n":"16 Wavesin Arabic","on":true,"bri":89,"transition":0,"mainseg":0,"seg":[{"id":0,"start":0,"stop":232,"grp":1,"spc":0,"of":0,"on":true,"bri":255,"col":[[0,0,0],[0,0,0],[0,0,0]],"fx":184,"sx":3,"ix":58,"f1x":56,"f2x":121,"f3x":58,"pal":11,"sel":false,"rev":false,"rev2D":false,"mi":false,"rot2D":false},{"id":1,"start":8,"stop":240,"grp":1,"spc":0,"of":0,"on":true,"bri":255,"col":[[0,0,0],[0,0,0],[0,0,0]],"fx":184,"sx":3,"ix":58,"f1x":56,"f2x":121,"f3x":58,"pal":11,"sel":false,"rev":true,"rev2D":false,"mi":false,"rot2D":false},{"id":2,"start":16,"stop":248,"grp":1,"spc":0,"of":0,"on":true,"bri":255,"col":[[0,0,0],[0,0,0],[0,0,0]],"fx":184,"sx":3,"ix":58,"f1x":56,"f2x":121,"f3x":58,"pal":11,"sel":false,"rev":false,"rev2D":false,"mi":false,"rot2D":false},{"id":3,"start":24,"stop":256,"grp":1,"spc":0,"of":0,"on":true,"bri":255,"col":[[0,0,0],[0,0,0],[0,0,0]],"fx":184,"sx":3,"ix":58,"f1x":56,"f2x":121,"f3x":58,"pal":11,"sel":false,"rev":true,"rev2D":false,"mi":false,"rot2D":false},{"id":4,"start":256,"stop":488,"grp":1,"spc":0,"of":0,"on":true,"bri":255,"col":[[0,0,0],[0,0,0],[0,0,0]],"fx":184,"sx":3,"ix":58,"f1x":56,"f2x":121,"f3x":58,"pal":11,"sel":false,"rev":false,"rev2D":true,"mi":false,"rot2D":false},{"id":5,"start":264,"stop":496,"grp":1,"spc":0,"of":0,"on":true,"bri":255,"col":[[0,0,0],[0,0,0],[0,0,0]],"fx":184,"sx":3,"ix":58,"f1x":56,"f2x":121,"f3x":58,"pal":11,"sel":false,"rev":true,"rev2D":true,"mi":false,"rot2D":false},{"id":6,"start":272,"stop":504,"grp":1,"spc":0,"of":0,"on":true,"bri":255,"col":[[0,0,0],[0,0,0],[0,0,0]],"fx":184,"sx":3,"ix":58,"f1x":56,"f2x":121,"f3x":58,"pal":11,"sel":false,"rev":false,"rev2D":true,"mi":false,"rot2D":false},{"id":7,"start":280,"stop":512,"grp":1,"spc":0,"of":0,"on":true,"bri":255,"col":[[0,0,0],[0,0,0],[0,0,0]],"fx":184,"sx":3,"ix":58,"f1x":56,"f2x":121,"f3x":58,"pal":11,"sel":false,"rev":true,"rev2D":true,"mi":false,"rot2D":false},{"id":8,"start":512,"stop":744,"grp":1,"spc":0,"of":0,"on":true,"bri":255,"col":[[0,0,0],[0,0,0],[0,0,0]],"fx":184,"sx":3,"ix":58,"f1x":56,"f2x":121,"f3x":58,"pal":11,"sel":false,"rev":false,"rev2D":false,"mi":false,"rot2D":false},{"id":9,"start":520,"stop":752,"grp":1,"spc":0,"of":0,"on":true,"bri":255,"col":[[0,0,0],[0,0,0],[0,0,0]],"fx":184,"sx":3,"ix":58,"f1x":56,"f2x":121,"f3x":58,"pal":11,"sel":false,"rev":true,"rev2D":false,"mi":false,"rot2D":false},{"id":10,"start":528,"stop":760,"grp":1,"spc":0,"of":0,"on":true,"bri":255,"col":[[0,0,0],[0,0,0],[0,0,0]],"fx":184,"sx":3,"ix":58,"f1x":56,"f2x":121,"f3x":58,"pal":11,"sel":false,"rev":false,"rev2D":false,"mi":false,"rot2D":false},{"id":11,"start":536,"stop":768,"grp":1,"spc":0,"of":0,"on":true,"bri":255,"col":[[0,0,0],[0,0,0],[0,0,0]],"fx":184,"sx":3,"ix":58,"f1x":56,"f2x":121,"f3x":58,"pal":11,"sel":false,"rev":true,"rev2D":false,"mi":false,"rot2D":false},{"id":12,"start":768,"stop":1000,"grp":1,"spc":0,"of":0,"on":true,"bri":255,"col":[[0,0,0],[0,0,0],[0,0,0]],"fx":184,"sx":3,"ix":58,"f1x":56,"f2x":121,"f3x":58,"pal":11,"sel":false,"rev":false,"rev2D":true,"mi":false,"rot2D":false},{"id":13,"start":776,"stop":1008,"grp":1,"spc":0,"of":0,"on":true,"bri":255,"col":[[0,0,0],[0,0,0],[0,0,0]],"fx":184,"sx":3,"ix":58,"f1x":56,"f2x":121,"f3x":58,"pal":11,"sel":false,"rev":true,"rev2D":true,"mi":false,"rot2D":false},{"id":14,"start":784,"stop":1016,"grp":1,"spc":0,"of":0,"on":true,"bri":255,"col":[[0,0,0],[0,0,0],[0,0,0]],"fx":184,"sx":3,"ix":58,"f1x":56,"f2x":121,"f3x":58,"pal":11,"sel":false,"rev":false,"rev2D":true,"mi":false,"rot2D":false},{"id":15,"start":792,"stop":1024,"grp":1,"spc":0,"of":0,"on":true,"bri":255,"col":[[0,0,0],[0,0,0],[0,0,0]],"fx":184,"sx":3,"ix":58,"f1x":56,"f2x":121,"f3x":58,"pal":11,"sel":false,"rev":true,"rev2D":true,"mi":false,"rot2D":false}]},"224":{"n":"Odd behaviour","on":true,"bri":48,"transition":0,"mainseg":0,"seg":[{"id":0,"start":0,"stop":1024,"grp":1,"spc":0,"of":0,"on":true,"bri":255,"col":[[0,0,0],[0,0,0],[0,0,0]],"fx":163,"sx":255,"ix":255,"f1x":255,"f2x":254,"f3x":0,"pal":2,"sel":false,"rev":false,"rev2D":false,"mi":false,"rot2D":false},{"stop":0},{"id":2,"start":0,"stop":32,"grp":1,"spc":0,"of":0,"on":true,"bri":102,"col":[[0,0,0],[0,0,0],[0,0,0]],"fx":177,"sx":191,"ix":152,"f1x":155,"f2x":147,"f3x":153,"pal":11,"sel":false,"rev":false,"rev2D":false,"mi":false,"rot2D":false},{"stop":0},{"stop":0},{"stop":0},{"stop":0},{"stop":0},{"stop":0},{"stop":0},{"stop":0},{"stop":0},{"stop":0},{"stop":0},{"stop":0},{"stop":0}]},"225":{"n":"PC Scene","on":true,"bri":53,"transition":0,"mainseg":0,"seg":[{"id":0,"start":0,"stop":1024,"grp":1,"spc":0,"of":0,"on":true,"bri":58,"col":[[255,0,0],[106,0,255],[0,0,79]],"fx":8,"sx":53,"ix":172,"f1x":255,"f2x":255,"f3x":255,"pal":6,"sel":true,"rev":false,"rev2D":false,"mi":false,"rot2D":false},{"id":1,"start":33,"stop":991,"grp":1,"spc":0,"of":0,"on":true,"bri":35,"col":[[8,255,0],[0,0,255],[255,0,0]],"fx":8,"sx":101,"ix":172,"f1x":255,"f2x":255,"f3x":255,"pal":6,"sel":true,"rev":false,"rev2D":true,"mi":false,"rot2D":false},{"id":2,"start":66,"stop":958,"grp":1,"spc":0,"of":0,"on":true,"bri":73,"col":[[0,0,255],[255,0,0],[8,255,0]],"fx":8,"sx":85,"ix":172,"f1x":255,"f2x":255,"f3x":255,"pal":6,"sel":true,"rev":false,"rev2D":false,"mi":false,"rot2D":false},{"id":3,"start":99,"stop":925,"grp":1,"spc":0,"of":0,"on":false,"bri":41,"col":[[255,0,0],[8,255,0],[0,0,255]],"fx":0,"sx":76,"ix":162,"f1x":255,"f2x":255,"f3x":255,"pal":18,"sel":true,"rev":true,"rev2D":true,"mi":false,"rot2D":false},{"id":4,"start":198,"stop":602,"grp":1,"spc":0,"of":0,"on":true,"bri":255,"col":[[95,100,148],[2,79,0],[0,0,0]],"fx":0,"sx":168,"ix":162,"f1x":0,"f2x":0,"f3x":0,"pal":2,"sel":true,"rev":false,"rev2D":false,"mi":false,"rot2D":false},{"id":5,"start":231,"stop":569,"grp":1,"spc":0,"of":0,"on":true,"bri":255,"col":[[4,125,0],[0,0,0],[0,0,0]],"fx":162,"sx":147,"ix":16,"f1x":255,"f2x":255,"f3x":255,"pal":2,"sel":true,"rev":false,"rev2D":false,"mi":false,"rot2D":false},{"id":6,"start":679,"stop":825,"grp":1,"spc":0,"of":0,"on":true,"bri":114,"col":[[95,100,148],[0,0,0],[0,0,0]],"fx":0,"sx":131,"ix":76,"f1x":138,"f2x":131,"f3x":144,"pal":2,"sel":true,"rev":false,"rev2D":false,"mi":false,"rot2D":false},{"id":7,"start":712,"stop":789,"grp":1,"spc":0,"of":0,"on":true,"bri":68,"col":[[96,112,144],[89,90,97],[61,61,61]],"fx":0,"sx":240,"ix":73,"f1x":85,"f2x":0,"f3x":0,"pal":2,"sel":true,"rev":false,"rev2D":true,"mi":false,"rot2D":false},{"id":8,"start":726,"stop":792,"grp":1,"spc":0,"of":0,"on":true,"bri":67,"col":[[96,112,144],[0,0,0],[0,0,0]],"fx":0,"sx":128,"ix":128,"f1x":0,"f2x":0,"f3x":0,"pal":0,"sel":true,"rev":false,"rev2D":false,"mi":false,"rot2D":false},{"id":9,"start":619,"stop":629,"grp":1,"spc":0,"of":0,"on":true,"bri":255,"col":[[95,100,148],[0,0,0],[0,0,0]],"fx":0,"sx":128,"ix":128,"f1x":0,"f2x":0,"f3x":0,"pal":0,"sel":true,"rev":false,"rev2D":false,"mi":false,"rot2D":false},{"stop":0},{"stop":0},{"stop":0},{"stop":0},{"stop":0},{"stop":0}]},"226":{"n":"Rainy Scene","on":true,"bri":93,"transition":0,"mainseg":0,"seg":[{"id":0,"start":0,"stop":1024,"grp":1,"spc":0,"of":0,"on":true,"bri":136,"col":[[0,0,0],[86,96,176],[0,0,0]],"fx":163,"sx":98,"ix":101,"f1x":0,"f2x":0,"f3x":0,"pal":11,"sel":false,"rev":false,"rev2D":false,"mi":false,"rot2D":false},{"id":1,"start":800,"stop":1024,"grp":1,"spc":0,"of":0,"on":true,"bri":171,"col":[[0,92,28],[0,0,0],[0,0,0]],"fx":0,"sx":198,"ix":210,"f1x":255,"f2x":255,"f3x":255,"pal":9,"sel":false,"rev":false,"rev2D":true,"mi":false,"rot2D":false},{"id":2,"start":0,"stop":32,"grp":1,"spc":0,"of":0,"on":false,"bri":126,"col":[[212,212,212],[189,189,189],[194,194,194]],"fx":152,"sx":255,"ix":255,"f1x":255,"f2x":255,"f3x":255,"pal":4,"sel":false,"rev":false,"rev2D":false,"mi":false,"rot2D":false},{"id":3,"start":844,"stop":888,"grp":1,"spc":0,"of":0,"on":true,"bri":52,"col":[[0,0,196],[0,0,117],[0,0,181]],"fx":115,"sx":80,"ix":160,"f1x":255,"f2x":255,"f3x":255,"pal":4,"sel":false,"rev":true,"rev2D":true,"mi":false,"rot2D":false},{"id":4,"start":810,"stop":825,"grp":1,"spc":0,"of":0,"on":true,"bri":59,"col":[[0,0,196],[0,0,117],[0,0,181]],"fx":115,"sx":80,"ix":160,"f1x":0,"f2x":0,"f3x":0,"pal":4,"sel":false,"rev":false,"rev2D":false,"mi":false,"rot2D":false},{"id":5,"start":384,"stop":808,"grp":1,"spc":0,"of":0,"on":true,"bri":140,"col":[[102,56,41],[0,0,0],[122,122,122]],"fx":0,"sx":147,"ix":52,"f1x":255,"f2x":255,"f3x":255,"pal":2,"sel":false,"rev":false,"rev2D":false,"mi":false,"rot2D":false},{"id":6,"start":417,"stop":739,"grp":1,"spc":0,"of":0,"on":true,"bri":97,"col":[[16,16,96],[16,16,96],[102,56,41]],"fx":84,"sx":216,"ix":58,"f1x":138,"f2x":131,"f3x":144,"pal":1,"sel":false,"rev":false,"rev2D":false,"mi":false,"rot2D":false},{"id":7,"start":421,"stop":743,"grp":1,"spc":0,"of":0,"on":true,"bri":90,"col":[[16,16,96],[16,16,96],[102,56,41]],"fx":84,"sx":240,"ix":58,"f1x":85,"f2x":0,"f3x":0,"pal":5,"sel":false,"rev":false,"rev2D":true,"mi":false,"rot2D":false},{"id":8,"start":668,"stop":861,"grp":1,"spc":0,"of":0,"on":true,"bri":51,"col":[[128,96,80],[0,0,0],[0,0,0]],"fx":0,"sx":128,"ix":128,"f1x":0,"f2x":0,"f3x":0,"pal":0,"sel":false,"rev":false,"rev2D":false,"mi":false,"rot2D":false},{"id":9,"start":634,"stop":703,"grp":1,"spc":0,"of":0,"on":true,"bri":175,"col":[[19,94,20],[110,168,0],[29,138,0]],"fx":115,"sx":16,"ix":195,"f1x":17,"f2x":17,"f3x":18,"pal":5,"sel":false,"rev":false,"rev2D":false,"mi":false,"rot2D":false},{"id":10,"start":603,"stop":734,"grp":1,"spc":0,"of":0,"on":true,"bri":75,"col":[[19,94,20],[110,168,0],[29,138,0]],"fx":115,"sx":16,"ix":195,"f1x":0,"f2x":0,"f3x":0,"pal":0,"sel":false,"rev":false,"rev2D":false,"mi":false,"rot2D":false},{"stop":0},{"stop":0},{"stop":0},{"stop":0},{"stop":0}]},"227":{"n":"SR 5+3 Stacked","on":true,"bri":77,"transition":0,"mainseg":0,"seg":[{"id":0,"start":0,"stop":1024,"grp":1,"spc":0,"of":0,"on":true,"bri":58,"col":[[255,0,0],[106,0,255],[0,0,79]],"fx":165,"sx":255,"ix":181,"f1x":255,"f2x":255,"f3x":251,"pal":4,"sel":false,"rev":false,"rev2D":false,"mi":false,"rot2D":false},{"id":1,"start":66,"stop":958,"grp":1,"spc":0,"of":0,"on":true,"bri":35,"col":[[8,255,0],[0,0,255],[255,0,0]],"fx":180,"sx":23,"ix":23,"f1x":255,"f2x":0,"f3x":0,"pal":0,"sel":false,"rev":false,"rev2D":false,"mi":false,"rot2D":true},{"id":2,"start":132,"stop":892,"grp":1,"spc":0,"of":0,"on":true,"bri":204,"col":[[0,0,255],[255,0,0],[8,255,0]],"fx":180,"sx":23,"ix":23,"f1x":255,"f2x":0,"f3x":0,"pal":0,"sel":false,"rev":false,"rev2D":true,"mi":false,"rot2D":false},{"id":3,"start":198,"stop":826,"grp":1,"spc":0,"of":0,"on":true,"bri":41,"col":[[255,0,0],[8,255,0],[0,0,255]],"fx":180,"sx":23,"ix":23,"f1x":0,"f2x":0,"f3x":0,"pal":0,"sel":false,"rev":false,"rev2D":true,"mi":false,"rot2D":true},{"id":4,"start":264,"stop":760,"grp":1,"spc":0,"of":0,"on":true,"bri":255,"col":[[0,0,0],[2,79,0],[0,0,0]],"fx":0,"sx":168,"ix":162,"f1x":0,"f2x":0,"f3x":0,"pal":3,"sel":false,"rev":false,"rev2D":false,"mi":true,"rot2D":false},{"id":5,"start":360,"stop":664,"grp":1,"spc":0,"of":0,"on":true,"bri":255,"col":[[255,0,0],[0,0,0],[158,158,158]],"fx":139,"sx":255,"ix":78,"f1x":255,"f2x":0,"f3x":255,"pal":11,"sel":false,"rev":false,"rev2D":false,"mi":false,"rot2D":false},{"id":6,"start":296,"stop":312,"grp":1,"spc":0,"of":0,"on":true,"bri":255,"col":[[255,0,0],[0,0,0],[0,0,0]],"fx":157,"sx":108,"ix":11,"f1x":85,"f2x":0,"f3x":0,"pal":0,"sel":false,"rev":false,"rev2D":true,"mi":false,"rot2D":false},{"id":7,"start":712,"stop":728,"grp":1,"spc":0,"of":0,"on":true,"bri":255,"col":[[255,0,0],[0,0,0],[0,0,0]],"fx":157,"sx":108,"ix":11,"f1x":85,"f2x":0,"f3x":0,"pal":0,"sel":false,"rev":false,"rev2D":true,"mi":false,"rot2D":false},{"stop":0},{"stop":0},{"stop":0},{"stop":0},{"stop":0},{"stop":0},{"stop":0},{"stop":0}]},"228":{"n":"SR Akemi from Hell","on":true,"bri":64,"transition":0,"mainseg":0,"seg":[{"id":0,"start":0,"stop":1024,"grp":1,"spc":0,"of":0,"on":true,"bri":255,"col":[[0,0,0],[255,245,179],[112,0,0]],"fx":186,"sx":26,"ix":158,"f1x":76,"f2x":120,"f3x":203,"pal":47,"sel":true,"rev":false,"rev2D":false,"mi":false,"rot2D":false},{"id":1,"start":800,"stop":1005,"grp":1,"spc":0,"of":0,"on":true,"bri":255,"col":[[8,255,0],[0,0,0],[115,73,22]],"fx":139,"sx":63,"ix":48,"f1x":205,"f2x":0,"f3x":0,"pal":47,"sel":false,"rev":false,"rev2D":false,"mi":false,"rot2D":false},{"id":2,"start":819,"stop":1024,"grp":1,"spc":0,"of":0,"on":true,"bri":255,"col":[[255,0,0],[0,0,0],[115,73,22]],"fx":139,"sx":63,"ix":48,"f1x":205,"f2x":0,"f3x":0,"pal":47,"sel":false,"rev":true,"rev2D":false,"mi":false,"rot2D":false},{"id":3,"start":0,"stop":1024,"grp":1,"spc":0,"of":0,"on":true,"bri":255,"col":[[102,153,0],[0,0,0],[0,0,0]],"fx":165,"sx":6,"ix":47,"f1x":128,"f2x":128,"f3x":7,"pal":23,"sel":false,"rev":false,"rev2D":false,"mi":false,"rot2D":false},{"id":4,"start":0,"stop":1024,"grp":1,"spc":0,"of":0,"on":true,"bri":255,"col":[[255,0,0],[0,0,0],[0,0,0]],"fx":175,"sx":77,"ix":148,"f1x":6,"f2x":0,"f3x":0,"pal":8,"sel":false,"rev":false,"rev2D":false,"mi":false,"rot2D":false},{"stop":0},{"stop":0},{"stop":0},{"stop":0},{"stop":0},{"stop":0},{"stop":0},{"stop":0},{"stop":0},{"stop":0},{"stop":0}]},"229":{"n":"SR Tartan 3VU","on":true,"bri":82,"transition":0,"mainseg":0,"seg":[{"id":0,"start":0,"stop":1024,"grp":1,"spc":0,"of":0,"on":true,"bri":89,"col":[[255,0,157],[0,0,255],[0,255,149]],"fx":173,"sx":19,"ix":20,"f1x":19,"f2x":29,"f3x":20,"pal":4,"sel":false,"rev":false,"rev2D":false,"mi":false,"rot2D":false},{"id":1,"start":142,"stop":882,"grp":1,"spc":0,"of":0,"on":true,"bri":255,"col":[[255,118,59],[0,0,0],[255,0,255]],"fx":157,"sx":255,"ix":255,"f1x":2,"f2x":2,"f3x":0,"pal":2,"sel":false,"rev":false,"rev2D":false,"mi":false,"rot2D":false},{"id":2,"start":262,"stop":745,"grp":1,"spc":0,"of":0,"on":true,"bri":255,"col":[[255,232,28],[0,0,0],[0,0,0]],"fx":157,"sx":255,"ix":162,"f1x":187,"f2x":215,"f3x":240,"pal":2,"sel":false,"rev":true,"rev2D":false,"mi":false,"rot2D":false},{"id":3,"start":279,"stop":762,"grp":1,"spc":0,"of":0,"on":true,"bri":255,"col":[[255,232,28],[0,0,0],[255,218,31]],"fx":157,"sx":255,"ix":162,"f1x":0,"f2x":0,"f3x":0,"pal":2,"sel":false,"rev":false,"rev2D":false,"mi":false,"rot2D":false},{"stop":0},{"stop":0},{"stop":0},{"stop":0},{"stop":0},{"stop":0},{"stop":0},{"stop":0},{"stop":0},{"stop":0},{"stop":0},{"stop":0}]},"230":{"n":"SR Waverly squid","on":true,"bri":31,"transition":0,"mainseg":0,"seg":[{"id":0,"start":0,"stop":1024,"grp":1,"spc":0,"of":0,"on":true,"bri":255,"col":[[255,112,41],[255,162,0],[255,143,15]],"fx":178,"sx":238,"ix":127,"f1x":128,"f2x":128,"f3x":128,"pal":4,"sel":false,"rev":false,"rev2D":false,"mi":false,"rot2D":false},{"stop":0},{"id":2,"start":0,"stop":1024,"grp":1,"spc":0,"of":0,"on":true,"bri":255,"col":[[0,60,195],[0,0,0],[0,0,0]],"fx":165,"sx":12,"ix":80,"f1x":2,"f2x":25,"f3x":183,"pal":41,"sel":false,"rev":false,"rev2D":false,"mi":false,"rot2D":false},{"id":3,"start":0,"stop":1024,"grp":1,"spc":0,"of":0,"on":true,"bri":255,"col":[[93,0,162],[0,0,0],[0,0,0]],"fx":165,"sx":12,"ix":80,"f1x":0,"f2x":0,"f3x":0,"pal":41,"sel":true,"rev":false,"rev2D":false,"mi":false,"rot2D":true},{"stop":0},{"stop":0},{"stop":0},{"stop":0},{"stop":0},{"stop":0},{"stop":0},{"stop":0},{"stop":0},{"stop":0},{"stop":0},{"stop":0}]}}